user_id,page,session_duration,traffic_source,bounce,entry_page,exit_page
1,Home,581,Direct,1,Checkout,Blog
2,Checkout,232,Organic,0,Checkout,Checkout
3,Home,481,Direct,0,Contact,Blog
4,Blog,35,Direct,0,Checkout,Blog
5,Contact,401,Direct,0,Blog,Contact
6,Products,528,Social,1,Checkout,Checkout
7,Checkout,128,Social,0,Checkout,Products
8,Checkout,308,Referral,0,Home,Blog
9,Home,589,Direct,1,Home,Checkout
10,Blog,181,Direct,0,Contact,Blog
11,Products,209,Social,0,Home,Contact
12,Contact,529,Direct,0,Checkout,Contact
13,Checkout,74,Direct,1,Contact,Blog
14,Home,290,Referral,1,Contact,Products
15,Home,419,Organic,1,Checkout,Blog
16,Products,515,Organic,0,Home,Blog
17,Checkout,64,Social,0,Home,Products
18,Products,217,Social,0,Products,Checkout
19,Home,75,Organic,0,Checkout,Checkout
20,Checkout,350,Referral,1,Products,Home
21,Checkout,391,Direct,0,Checkout,Home
22,Checkout,94,Direct,0,Checkout,Checkout
23,Checkout,544,Referral,0,Products,Products
24,Checkout,165,Referral,1,Checkout,Home
25,Contact,289,Organic,1,Home,Home
26,Checkout,523,Referral,1,Home,Blog
27,Home,567,Organic,0,Contact,Products
28,Blog,413,Social,0,Home,Contact
29,Blog,214,Direct,1,Checkout,Checkout
30,Contact,546,Referral,0,Contact,Home
31,Blog,82,Social,1,Checkout,Home
32,Checkout,526,Referral,1,Products,Contact
33,Checkout,254,Direct,0,Checkout,Blog
34,Contact,111,Organic,0,Checkout,Home
35,Checkout,319,Social,1,Blog,Products
36,Blog,145,Direct,0,Checkout,Blog
37,Home,261,Referral,1,Products,Contact
38,Blog,456,Referral,0,Blog,Contact
39,Contact,458,Referral,0,Checkout,Products
40,Checkout,67,Social,0,Home,Checkout
41,Checkout,130,Social,0,Home,Home
42,Blog,562,Organic,0,Contact,Checkout
43,Blog,251,Social,1,Products,Products
44,Products,493,Organic,0,Home,Contact
45,Checkout,406,Social,0,Blog,Contact
46,Blog,285,Organic,0,Blog,Checkout
47,Checkout,185,Social,1,Contact,Home
48,Contact,31,Referral,1,Blog,Checkout
49,Blog,94,Referral,0,Checkout,Products
50,Home,419,Social,0,Contact,Products
51,Contact,539,Organic,0,Blog,Home
52,Blog,326,Organic,1,Contact,Home
53,Contact,207,Referral,0,Contact,Checkout
54,Home,149,Direct,1,Products,Products
55,Home,341,Referral,1,Home,Products
56,Contact,428,Referral,1,Home,Contact
57,Checkout,352,Organic,1,Home,Contact
58,Checkout,350,Direct,1,Products,Contact
59,Products,337,Organic,1,Blog,Blog
60,Checkout,313,Direct,1,Products,Contact
61,Products,456,Referral,0,Products,Blog
62,Home,30,Organic,0,Contact,Home
63,Checkout,250,Organic,0,Contact,Checkout
64,Contact,540,Direct,0,Checkout,Contact
65,Blog,401,Direct,1,Contact,Home
66,Contact,245,Referral,1,Home,Home
67,Blog,111,Referral,1,Blog,Home
68,Checkout,446,Social,0,Checkout,Home
69,Home,574,Referral,1,Products,Home
70,Home,17,Organic,1,Checkout,Home
71,Contact,304,Referral,0,Contact,Checkout
72,Products,482,Direct,1,Blog,Contact
73,Checkout,314,Direct,1,Products,Checkout
74,Blog,543,Direct,1,Products,Home
75,Checkout,43,Organic,0,Contact,Contact
76,Checkout,576,Organic,0,Home,Contact
77,Checkout,480,Direct,1,Products,Contact
78,Home,572,Organic,1,Contact,Contact
79,Contact,293,Organic,0,Products,Checkout
80,Blog,526,Social,0,Blog,Contact
81,Checkout,193,Social,0,Checkout,Contact
82,Products,277,Organic,0,Blog,Home
83,Products,136,Referral,1,Contact,Products
84,Products,14,Referral,0,Contact,Blog
85,Home,504,Organic,1,Contact,Home
86,Blog,254,Social,1,Home,Contact
87,Checkout,264,Direct,0,Contact,Contact
88,Products,278,Referral,1,Blog,Products
89,Blog,337,Referral,1,Blog,Products
90,Home,558,Social,0,Checkout,Home
91,Blog,548,Social,1,Checkout,Contact
92,Contact,378,Referral,1,Products,Contact
93,Checkout,46,Social,1,Home,Contact
94,Home,289,Direct,1,Products,Blog
95,Home,425,Organic,0,Home,Contact
96,Products,465,Social,0,Checkout,Blog
97,Blog,337,Organic,0,Checkout,Products
98,Contact,206,Direct,0,Checkout,Blog
99,Checkout,584,Direct,1,Contact,Checkout
100,Home,518,Organic,1,Products,Contact
101,Products,118,Direct,1,Products,Products
102,Contact,329,Direct,1,Contact,Blog
103,Contact,187,Direct,0,Home,Blog
104,Blog,314,Direct,0,Products,Products
105,Contact,142,Social,0,Home,Products
106,Contact,395,Social,0,Home,Products
107,Blog,413,Organic,1,Products,Checkout
108,Blog,65,Organic,0,Products,Home
109,Contact,80,Referral,0,Checkout,Home
110,Checkout,105,Direct,0,Contact,Products
111,Checkout,162,Referral,0,Contact,Products
112,Checkout,439,Direct,0,Blog,Contact
113,Checkout,351,Social,1,Products,Contact
114,Blog,255,Direct,0,Blog,Products
115,Blog,148,Referral,0,Contact,Products
116,Home,162,Social,0,Blog,Checkout
117,Checkout,121,Direct,1,Checkout,Home
118,Products,480,Direct,0,Products,Products
119,Blog,171,Referral,0,Products,Checkout
120,Products,561,Referral,1,Checkout,Checkout
121,Contact,159,Social,1,Contact,Checkout
122,Contact,193,Direct,1,Home,Products
123,Contact,93,Organic,0,Products,Checkout
124,Products,435,Referral,1,Contact,Blog
125,Home,241,Organic,0,Contact,Contact
126,Products,372,Referral,1,Products,Products
127,Products,306,Referral,0,Checkout,Contact
128,Blog,553,Organic,0,Home,Contact
129,Contact,182,Referral,0,Checkout,Products
130,Checkout,571,Organic,1,Blog,Home
131,Products,331,Social,1,Contact,Blog
132,Products,119,Direct,1,Products,Blog
133,Products,222,Social,0,Checkout,Home
134,Products,503,Social,0,Home,Products
135,Home,28,Direct,1,Contact,Products
136,Home,147,Organic,1,Home,Contact
137,Blog,59,Referral,0,Blog,Contact
138,Products,277,Referral,1,Home,Checkout
139,Home,143,Organic,1,Checkout,Blog
140,Blog,592,Referral,0,Blog,Checkout
141,Blog,462,Social,0,Blog,Blog
142,Contact,359,Organic,1,Home,Contact
143,Checkout,423,Referral,1,Blog,Checkout
144,Checkout,566,Social,0,Contact,Home
145,Checkout,171,Organic,0,Products,Contact
146,Contact,180,Direct,1,Checkout,Checkout
147,Products,378,Direct,0,Products,Checkout
148,Checkout,560,Organic,0,Blog,Products
149,Blog,229,Direct,0,Home,Home
150,Home,180,Social,1,Products,Home
151,Contact,317,Referral,0,Contact,Home
152,Home,172,Direct,1,Home,Contact
153,Home,531,Social,0,Contact,Blog
154,Products,263,Organic,0,Contact,Checkout
155,Home,370,Direct,1,Contact,Checkout
156,Home,226,Direct,0,Contact,Home
157,Products,263,Social,1,Blog,Products
158,Checkout,518,Social,1,Checkout,Home
159,Contact,495,Organic,0,Home,Contact
160,Blog,302,Direct,1,Blog,Contact
161,Home,506,Organic,0,Blog,Contact
162,Products,517,Direct,0,Products,Checkout
163,Products,416,Social,1,Blog,Products
164,Contact,519,Direct,0,Products,Contact
165,Products,384,Organic,1,Blog,Contact
166,Blog,345,Direct,0,Blog,Products
167,Products,587,Referral,1,Contact,Checkout
168,Checkout,173,Referral,1,Blog,Home
169,Checkout,80,Direct,0,Contact,Contact
170,Home,382,Direct,1,Home,Home
171,Checkout,543,Direct,1,Contact,Products
172,Products,335,Direct,0,Products,Blog
173,Blog,381,Direct,1,Blog,Products
174,Contact,481,Referral,0,Checkout,Checkout
175,Products,304,Social,0,Checkout,Blog
176,Home,345,Referral,1,Blog,Checkout
177,Contact,323,Direct,0,Checkout,Home
178,Products,343,Organic,1,Blog,Home
179,Contact,260,Referral,0,Products,Products
180,Home,142,Social,1,Contact,Blog
181,Blog,211,Referral,0,Products,Products
182,Checkout,292,Direct,1,Contact,Home
183,Blog,469,Direct,1,Home,Contact
184,Contact,331,Referral,1,Products,Home
185,Checkout,98,Organic,0,Checkout,Checkout
186,Products,552,Referral,0,Products,Home
187,Checkout,260,Social,1,Contact,Home
188,Products,348,Social,0,Contact,Products
189,Checkout,371,Social,1,Products,Home
190,Home,58,Social,1,Products,Home
191,Checkout,407,Referral,1,Checkout,Home
192,Products,389,Referral,1,Blog,Products
193,Home,94,Referral,0,Contact,Products
194,Blog,316,Referral,0,Contact,Checkout
195,Blog,521,Social,1,Blog,Contact
196,Checkout,151,Social,1,Blog,Contact
197,Checkout,473,Organic,0,Blog,Blog
198,Checkout,392,Referral,0,Checkout,Products
199,Contact,575,Social,1,Blog,Checkout
200,Contact,299,Social,1,Home,Checkout
201,Checkout,541,Referral,0,Checkout,Contact
202,Home,33,Organic,1,Checkout,Products
203,Contact,257,Organic,0,Contact,Checkout
204,Blog,150,Organic,0,Contact,Checkout
205,Contact,22,Social,1,Checkout,Products
206,Checkout,570,Direct,0,Checkout,Contact
207,Home,288,Organic,0,Home,Products
208,Products,62,Referral,1,Blog,Home
209,Checkout,311,Direct,0,Home,Home
210,Products,362,Referral,0,Contact,Blog
211,Home,89,Social,1,Home,Products
212,Home,493,Social,1,Products,Contact
213,Blog,451,Direct,1,Checkout,Products
214,Home,229,Referral,0,Contact,Checkout
215,Contact,235,Direct,1,Products,Contact
216,Contact,134,Direct,1,Checkout,Blog
217,Products,595,Organic,0,Checkout,Contact
218,Home,167,Direct,1,Checkout,Checkout
219,Home,493,Organic,0,Blog,Blog
220,Blog,205,Organic,0,Products,Home
221,Blog,568,Social,0,Products,Blog
222,Blog,79,Referral,0,Checkout,Contact
223,Blog,102,Social,0,Home,Contact
224,Blog,253,Direct,0,Home,Checkout
225,Products,229,Social,1,Contact,Home
226,Home,251,Referral,1,Products,Blog
227,Checkout,364,Referral,1,Blog,Checkout
228,Contact,252,Referral,1,Home,Blog
229,Checkout,20,Organic,0,Contact,Blog
230,Blog,560,Organic,0,Checkout,Contact
231,Contact,328,Direct,0,Home,Checkout
232,Checkout,363,Organic,1,Blog,Blog
233,Contact,455,Referral,1,Contact,Products
234,Products,297,Social,1,Checkout,Checkout
235,Blog,568,Direct,0,Blog,Blog
236,Blog,430,Social,1,Blog,Checkout
237,Products,295,Direct,0,Products,Home
238,Home,203,Direct,0,Contact,Home
239,Contact,36,Referral,1,Contact,Blog
240,Products,415,Direct,1,Products,Checkout
241,Blog,536,Organic,0,Blog,Home
242,Products,59,Social,1,Home,Products
243,Blog,237,Social,0,Checkout,Home
244,Products,193,Organic,1,Home,Blog
245,Checkout,199,Social,1,Blog,Home
246,Contact,269,Organic,0,Contact,Blog
247,Checkout,39,Referral,1,Home,Checkout
248,Home,247,Organic,0,Blog,Products
249,Blog,97,Direct,1,Contact,Contact
250,Blog,57,Direct,1,Blog,Home
251,Contact,101,Organic,1,Home,Products
252,Checkout,587,Direct,0,Contact,Contact
253,Checkout,579,Social,1,Blog,Home
254,Products,274,Organic,1,Products,Products
255,Home,530,Organic,0,Products,Blog
256,Contact,532,Social,0,Products,Checkout
257,Blog,496,Social,0,Products,Home
258,Home,254,Social,0,Products,Contact
259,Blog,116,Social,1,Blog,Checkout
260,Blog,253,Organic,0,Products,Products
261,Blog,204,Organic,0,Contact,Contact
262,Products,67,Organic,0,Home,Home
263,Products,63,Referral,0,Blog,Home
264,Checkout,85,Organic,1,Products,Products
265,Checkout,371,Social,0,Blog,Contact
266,Checkout,215,Referral,1,Contact,Home
267,Blog,163,Social,0,Blog,Contact
268,Home,410,Direct,1,Checkout,Home
269,Products,118,Referral,0,Checkout,Checkout
270,Checkout,458,Social,0,Home,Contact
271,Contact,297,Direct,1,Checkout,Contact
272,Blog,95,Social,0,Home,Contact
273,Products,319,Social,1,Checkout,Home
274,Home,434,Social,0,Home,Home
275,Home,136,Organic,1,Products,Home
276,Products,67,Social,0,Checkout,Blog
277,Contact,263,Direct,1,Home,Blog
278,Products,118,Organic,0,Checkout,Checkout
279,Checkout,159,Organic,0,Blog,Contact
280,Products,591,Social,1,Checkout,Home
281,Products,123,Direct,0,Home,Home
282,Products,159,Organic,0,Checkout,Products
283,Checkout,164,Referral,1,Contact,Products
284,Blog,509,Organic,1,Contact,Checkout
285,Contact,160,Direct,0,Contact,Blog
286,Checkout,137,Social,0,Home,Products
287,Products,101,Direct,1,Contact,Home
288,Checkout,94,Referral,1,Contact,Home
289,Checkout,145,Organic,0,Home,Blog
290,Products,513,Social,0,Contact,Blog
291,Blog,561,Organic,1,Contact,Checkout
292,Contact,41,Referral,1,Contact,Blog
293,Contact,444,Referral,0,Home,Home
294,Blog,555,Social,1,Contact,Checkout
295,Home,478,Direct,1,Contact,Products
296,Blog,357,Social,1,Home,Products
297,Checkout,364,Organic,1,Checkout,Checkout
298,Products,214,Social,0,Contact,Home
299,Home,443,Referral,1,Checkout,Products
300,Products,43,Organic,1,Blog,Home
301,Blog,391,Referral,1,Checkout,Checkout
302,Products,415,Organic,0,Blog,Products
303,Blog,378,Organic,0,Products,Blog
304,Products,331,Social,1,Home,Blog
305,Contact,232,Social,1,Home,Contact
306,Blog,371,Organic,1,Checkout,Products
307,Checkout,358,Organic,0,Products,Blog
308,Blog,579,Social,1,Home,Home
309,Contact,593,Social,0,Checkout,Contact
310,Blog,519,Organic,0,Blog,Home
311,Home,229,Referral,0,Checkout,Products
312,Checkout,465,Organic,0,Checkout,Contact
313,Contact,481,Organic,1,Blog,Products
314,Home,473,Direct,0,Home,Blog
315,Home,402,Social,0,Blog,Products
316,Blog,40,Social,1,Checkout,Home
317,Blog,486,Referral,1,Contact,Contact
318,Blog,444,Referral,1,Checkout,Blog
319,Contact,449,Direct,0,Products,Products
320,Checkout,540,Organic,0,Checkout,Blog
321,Blog,565,Direct,0,Contact,Contact
322,Blog,583,Referral,1,Contact,Home
323,Products,147,Direct,1,Blog,Products
324,Checkout,312,Organic,1,Contact,Checkout
325,Home,496,Social,0,Products,Products
326,Contact,248,Referral,1,Contact,Products
327,Home,165,Organic,1,Checkout,Products
328,Home,134,Social,1,Checkout,Contact
329,Checkout,342,Direct,1,Checkout,Products
330,Contact,307,Referral,0,Blog,Checkout
331,Products,197,Social,1,Blog,Blog
332,Home,434,Referral,0,Contact,Blog
333,Home,83,Referral,0,Products,Blog
334,Products,464,Social,0,Products,Products
335,Checkout,28,Social,1,Checkout,Blog
336,Contact,202,Referral,1,Blog,Blog
337,Checkout,225,Social,1,Contact,Blog
338,Blog,185,Social,1,Contact,Blog
339,Contact,44,Direct,1,Checkout,Contact
340,Blog,229,Social,1,Blog,Checkout
341,Contact,309,Direct,1,Products,Contact
342,Checkout,298,Organic,1,Home,Checkout
343,Contact,502,Direct,0,Checkout,Contact
344,Home,396,Referral,1,Home,Contact
345,Home,259,Organic,1,Blog,Home
346,Home,304,Social,1,Contact,Home
347,Home,266,Referral,1,Blog,Contact
348,Blog,587,Organic,1,Contact,Products
349,Blog,414,Organic,0,Products,Blog
350,Home,224,Social,0,Contact,Products
351,Checkout,98,Organic,1,Blog,Blog
352,Products,262,Social,1,Home,Home
353,Home,294,Organic,1,Checkout,Checkout
354,Products,546,Organic,1,Products,Products
355,Contact,273,Organic,1,Home,Blog
356,Blog,402,Direct,0,Products,Checkout
357,Blog,184,Social,0,Contact,Products
358,Home,501,Direct,1,Blog,Contact
359,Checkout,487,Organic,0,Contact,Products
360,Contact,268,Referral,0,Checkout,Checkout
361,Checkout,461,Social,0,Contact,Home
362,Products,146,Organic,0,Home,Blog
363,Checkout,353,Organic,1,Products,Checkout
364,Products,265,Direct,0,Products,Products
365,Contact,216,Organic,0,Products,Products
366,Products,44,Organic,0,Products,Blog
367,Home,172,Direct,0,Home,Products
368,Products,263,Direct,0,Products,Home
369,Products,370,Direct,0,Home,Checkout
370,Blog,337,Direct,0,Home,Products
371,Products,216,Organic,1,Checkout,Checkout
372,Contact,54,Social,1,Checkout,Blog
373,Home,64,Referral,1,Home,Blog
374,Products,169,Direct,0,Home,Contact
375,Products,300,Organic,1,Contact,Products
376,Contact,394,Organic,1,Home,Home
377,Home,432,Social,1,Checkout,Blog
378,Blog,206,Social,0,Home,Products
379,Home,28,Direct,1,Blog,Checkout
380,Checkout,463,Organic,0,Products,Checkout
381,Checkout,78,Organic,1,Checkout,Checkout
382,Checkout,199,Direct,1,Products,Home
383,Products,228,Referral,1,Contact,Blog
384,Home,520,Social,1,Contact,Contact
385,Home,496,Direct,0,Products,Blog
386,Checkout,315,Direct,0,Home,Checkout
387,Blog,405,Social,1,Contact,Products
388,Contact,488,Referral,1,Products,Products
389,Contact,226,Referral,1,Checkout,Contact
390,Checkout,557,Referral,1,Contact,Products
391,Blog,206,Direct,0,Products,Home
392,Home,217,Organic,0,Checkout,Blog
393,Contact,195,Organic,1,Contact,Checkout
394,Contact,545,Direct,1,Checkout,Checkout
395,Blog,105,Organic,0,Checkout,Products
396,Blog,465,Referral,1,Blog,Home
397,Blog,48,Direct,0,Contact,Checkout
398,Blog,551,Direct,0,Blog,Products
399,Contact,58,Direct,0,Checkout,Checkout
400,Home,578,Social,0,Products,Products
401,Checkout,19,Organic,1,Products,Home
402,Home,370,Social,1,Products,Blog
403,Checkout,114,Referral,0,Checkout,Blog
404,Products,145,Organic,0,Checkout,Home
405,Home,411,Social,1,Products,Home
406,Blog,589,Organic,0,Products,Contact
407,Checkout,21,Organic,0,Home,Checkout
408,Products,28,Social,1,Checkout,Contact
409,Contact,510,Direct,0,Products,Blog
410,Products,384,Organic,1,Checkout,Contact
411,Home,434,Social,0,Blog,Contact
412,Blog,212,Organic,0,Products,Checkout
413,Products,124,Direct,1,Products,Home
414,Products,246,Organic,1,Products,Blog
415,Blog,78,Organic,1,Contact,Home
416,Checkout,435,Organic,1,Contact,Products
417,Products,343,Direct,0,Contact,Home
418,Blog,483,Organic,1,Home,Products
419,Products,210,Direct,0,Products,Checkout
420,Products,469,Social,1,Checkout,Checkout
421,Contact,10,Direct,0,Products,Home
422,Home,582,Social,0,Contact,Blog
423,Products,54,Direct,0,Home,Products
424,Contact,312,Direct,1,Products,Home
425,Products,369,Organic,0,Blog,Blog
426,Blog,200,Social,1,Home,Products
427,Home,21,Organic,1,Home,Products
428,Contact,141,Social,1,Checkout,Contact
429,Blog,452,Organic,0,Contact,Checkout
430,Checkout,472,Organic,0,Products,Contact
431,Products,561,Organic,1,Home,Blog
432,Checkout,387,Referral,0,Blog,Home
433,Checkout,84,Organic,1,Contact,Checkout
434,Products,492,Referral,0,Checkout,Home
435,Products,59,Referral,1,Products,Contact
436,Blog,69,Referral,0,Checkout,Home
437,Contact,525,Organic,0,Contact,Home
438,Checkout,533,Organic,1,Checkout,Checkout
439,Checkout,71,Direct,1,Products,Contact
440,Products,315,Referral,1,Home,Contact
441,Products,357,Organic,0,Home,Home
442,Contact,569,Direct,1,Home,Blog
443,Products,341,Social,1,Checkout,Contact
444,Products,540,Social,1,Home,Contact
445,Checkout,105,Social,0,Products,Home
446,Products,34,Referral,0,Contact,Blog
447,Contact,88,Social,0,Home,Contact
448,Blog,81,Organic,1,Contact,Products
449,Blog,231,Direct,1,Home,Contact
450,Contact,87,Direct,1,Checkout,Contact
451,Checkout,532,Direct,0,Contact,Blog
452,Contact,229,Organic,1,Home,Home
453,Blog,594,Social,1,Products,Checkout
454,Checkout,80,Social,1,Home,Blog
455,Blog,259,Organic,1,Products,Contact
456,Products,540,Referral,0,Contact,Blog
457,Contact,498,Direct,0,Contact,Contact
458,Home,384,Social,1,Contact,Checkout
459,Blog,542,Organic,0,Blog,Checkout
460,Blog,532,Social,1,Blog,Home
461,Contact,155,Organic,1,Home,Home
462,Products,367,Social,0,Contact,Checkout
463,Products,392,Social,1,Contact,Contact
464,Home,448,Organic,0,Checkout,Blog
465,Checkout,529,Organic,0,Checkout,Products
466,Blog,221,Direct,0,Products,Blog
467,Home,335,Organic,1,Products,Home
468,Products,66,Organic,0,Contact,Checkout
469,Checkout,445,Social,1,Products,Blog
470,Contact,352,Social,0,Blog,Checkout
471,Products,17,Referral,1,Checkout,Contact
472,Products,36,Organic,1,Home,Home
473,Blog,591,Direct,1,Home,Contact
474,Products,419,Organic,0,Home,Products
475,Contact,162,Direct,1,Contact,Blog
476,Checkout,563,Organic,1,Home,Blog
477,Home,130,Organic,1,Products,Checkout
478,Checkout,376,Social,1,Checkout,Home
479,Blog,33,Social,1,Checkout,Checkout
480,Contact,552,Referral,1,Home,Blog
481,Blog,555,Direct,0,Home,Checkout
482,Products,283,Organic,0,Home,Checkout
483,Home,157,Direct,1,Home,Home
484,Home,545,Organic,0,Blog,Products
485,Contact,124,Organic,1,Contact,Blog
486,Contact,334,Social,0,Contact,Contact
487,Home,184,Referral,0,Contact,Products
488,Home,478,Organic,0,Blog,Home
489,Products,55,Referral,1,Checkout,Home
490,Home,254,Referral,1,Checkout,Checkout
491,Contact,163,Social,0,Contact,Checkout
492,Blog,512,Referral,0,Contact,Products
493,Contact,136,Referral,0,Blog,Home
494,Products,384,Direct,0,Products,Blog
495,Checkout,455,Referral,1,Blog,Checkout
496,Products,58,Organic,1,Home,Blog
497,Checkout,569,Organic,0,Blog,Home
498,Products,487,Organic,1,Products,Products
499,Products,598,Referral,0,Contact,Products
500,Blog,411,Referral,0,Products,Contact
501,Home,309,Referral,1,Contact,Contact
502,Products,213,Social,1,Checkout,Home
503,Home,181,Social,1,Products,Home
504,Contact,101,Organic,1,Products,Products
505,Contact,566,Referral,1,Blog,Checkout
506,Contact,464,Organic,1,Home,Blog
507,Checkout,60,Referral,0,Products,Checkout
508,Blog,33,Referral,0,Home,Blog
509,Home,569,Social,1,Home,Home
510,Contact,490,Social,0,Products,Products
511,Blog,447,Referral,1,Home,Home
512,Products,537,Social,1,Products,Products
513,Checkout,283,Social,1,Blog,Contact
514,Checkout,471,Organic,1,Checkout,Products
515,Products,518,Referral,1,Contact,Home
516,Checkout,42,Social,1,Checkout,Blog
517,Blog,24,Social,1,Blog,Checkout
518,Home,371,Referral,1,Home,Blog
519,Checkout,127,Direct,0,Products,Products
520,Checkout,285,Direct,0,Contact,Contact
521,Products,67,Direct,1,Contact,Contact
522,Home,475,Referral,1,Home,Products
523,Home,482,Direct,0,Blog,Checkout
524,Checkout,361,Organic,0,Checkout,Blog
525,Checkout,585,Direct,1,Home,Blog
526,Contact,32,Direct,1,Products,Products
527,Contact,346,Direct,1,Checkout,Home
528,Home,447,Social,0,Products,Home
529,Products,34,Organic,0,Contact,Products
530,Products,333,Referral,1,Home,Contact
531,Home,271,Referral,0,Checkout,Blog
532,Home,348,Organic,1,Home,Checkout
533,Products,73,Social,0,Products,Contact
534,Blog,320,Direct,0,Home,Contact
535,Blog,209,Referral,0,Products,Blog
536,Products,294,Social,1,Contact,Contact
537,Checkout,599,Social,1,Checkout,Blog
538,Blog,593,Social,1,Home,Blog
539,Checkout,395,Direct,0,Home,Products
540,Products,519,Organic,1,Home,Contact
541,Checkout,362,Direct,1,Products,Products
542,Home,81,Referral,0,Blog,Home
543,Checkout,489,Direct,0,Home,Home
544,Checkout,581,Social,1,Products,Blog
545,Products,488,Direct,0,Blog,Checkout
546,Blog,268,Direct,1,Products,Home
547,Blog,418,Referral,0,Home,Home
548,Contact,70,Referral,0,Products,Blog
549,Checkout,189,Social,0,Products,Home
550,Products,251,Social,0,Contact,Home
551,Contact,227,Social,1,Home,Products
552,Home,71,Direct,1,Checkout,Blog
553,Checkout,441,Referral,1,Products,Checkout
554,Products,185,Referral,0,Products,Contact
555,Blog,305,Organic,0,Products,Checkout
556,Blog,247,Organic,0,Checkout,Products
557,Contact,207,Organic,1,Products,Contact
558,Checkout,68,Organic,0,Contact,Checkout
559,Contact,298,Direct,0,Products,Blog
560,Checkout,34,Referral,0,Products,Home
561,Products,488,Referral,0,Blog,Blog
562,Products,203,Organic,1,Contact,Products
563,Products,194,Social,0,Checkout,Products
564,Contact,507,Referral,1,Products,Checkout
565,Products,347,Social,1,Products,Products
566,Blog,293,Social,0,Checkout,Checkout
567,Blog,158,Direct,0,Checkout,Contact
568,Checkout,196,Direct,1,Contact,Blog
569,Checkout,482,Social,1,Home,Products
570,Contact,286,Direct,0,Products,Home
571,Contact,37,Referral,0,Checkout,Home
572,Home,173,Referral,0,Blog,Blog
573,Products,555,Referral,1,Products,Blog
574,Checkout,45,Social,1,Contact,Contact
575,Contact,99,Organic,0,Home,Checkout
576,Contact,426,Direct,0,Contact,Contact
577,Home,340,Referral,1,Checkout,Blog
578,Home,124,Direct,1,Checkout,Checkout
579,Blog,419,Social,0,Contact,Products
580,Contact,539,Organic,0,Blog,Contact
581,Home,175,Direct,1,Contact,Checkout
582,Checkout,57,Direct,1,Contact,Checkout
583,Blog,535,Referral,0,Home,Products
584,Contact,541,Social,1,Products,Contact
585,Checkout,68,Direct,0,Contact,Contact
586,Products,235,Social,1,Products,Products
587,Checkout,481,Referral,0,Checkout,Home
588,Blog,252,Social,1,Products,Checkout
589,Home,530,Referral,1,Checkout,Home
590,Checkout,148,Direct,1,Blog,Home
591,Home,107,Direct,1,Products,Checkout
592,Contact,321,Social,0,Contact,Home
593,Blog,488,Social,0,Products,Home
594,Contact,227,Referral,0,Contact,Blog
595,Products,452,Referral,1,Products,Blog
596,Blog,279,Organic,1,Blog,Checkout
597,Contact,123,Referral,1,Home,Blog
598,Blog,255,Social,1,Contact,Products
599,Blog,372,Organic,1,Home,Blog
600,Blog,585,Social,0,Contact,Contact
601,Blog,530,Organic,0,Checkout,Blog
602,Contact,560,Social,1,Home,Home
603,Checkout,381,Referral,1,Contact,Products
604,Checkout,293,Organic,0,Blog,Contact
605,Checkout,347,Social,0,Contact,Products
606,Contact,86,Social,0,Checkout,Home
607,Blog,173,Direct,1,Products,Products
608,Blog,239,Social,0,Checkout,Blog
609,Checkout,525,Referral,1,Checkout,Contact
610,Blog,161,Organic,1,Products,Checkout
611,Products,551,Social,0,Contact,Home
612,Products,363,Organic,1,Checkout,Home
613,Checkout,160,Direct,1,Home,Contact
614,Products,379,Direct,1,Checkout,Checkout
615,Blog,572,Social,1,Products,Contact
616,Home,341,Referral,1,Blog,Blog
617,Home,560,Organic,0,Products,Checkout
618,Home,404,Direct,0,Home,Contact
619,Checkout,541,Organic,1,Products,Checkout
620,Home,365,Social,1,Contact,Home
621,Home,374,Referral,1,Checkout,Products
622,Products,528,Referral,0,Contact,Contact
623,Blog,293,Organic,0,Contact,Home
624,Blog,84,Organic,1,Checkout,Home
625,Checkout,117,Referral,1,Products,Products
626,Blog,561,Referral,0,Home,Checkout
627,Blog,567,Direct,0,Blog,Home
628,Products,507,Referral,0,Products,Products
629,Contact,19,Direct,0,Checkout,Blog
630,Home,290,Referral,1,Blog,Blog
631,Blog,551,Organic,0,Home,Blog
632,Home,10,Organic,0,Home,Contact
633,Checkout,31,Referral,1,Products,Contact
634,Home,301,Organic,0,Products,Checkout
635,Home,422,Referral,0,Blog,Checkout
636,Blog,136,Referral,1,Products,Checkout
637,Blog,76,Direct,0,Products,Home
638,Contact,60,Organic,1,Products,Checkout
639,Blog,359,Organic,1,Products,Contact
640,Home,574,Direct,0,Home,Products
641,Blog,81,Organic,0,Products,Blog
642,Home,546,Social,1,Contact,Home
643,Home,200,Organic,0,Blog,Blog
644,Home,388,Direct,1,Contact,Home
645,Products,215,Organic,0,Home,Home
646,Blog,348,Organic,1,Home,Blog
647,Home,578,Referral,0,Products,Checkout
648,Products,43,Referral,1,Home,Products
649,Blog,263,Social,0,Blog,Home
650,Home,492,Referral,1,Home,Home
651,Contact,512,Social,1,Products,Home
652,Products,386,Direct,0,Blog,Checkout
653,Home,370,Organic,1,Products,Contact
654,Checkout,80,Social,1,Home,Checkout
655,Checkout,487,Organic,0,Blog,Products
656,Home,445,Social,1,Checkout,Contact
657,Home,484,Referral,0,Home,Blog
658,Home,56,Organic,1,Products,Products
659,Checkout,312,Direct,1,Products,Home
660,Home,256,Social,1,Checkout,Home
661,Products,46,Social,1,Products,Blog
662,Checkout,117,Organic,0,Blog,Products
663,Home,575,Referral,0,Blog,Checkout
664,Products,457,Organic,0,Products,Contact
665,Contact,255,Referral,1,Contact,Checkout
666,Contact,46,Organic,1,Home,Blog
667,Home,347,Social,0,Contact,Blog
668,Checkout,146,Social,0,Contact,Checkout
669,Contact,34,Referral,0,Contact,Contact
670,Checkout,478,Social,1,Checkout,Blog
671,Blog,530,Referral,1,Home,Contact
672,Checkout,313,Direct,0,Products,Home
673,Blog,524,Social,1,Contact,Checkout
674,Products,543,Social,0,Home,Products
675,Products,548,Referral,1,Blog,Contact
676,Blog,552,Referral,1,Checkout,Blog
677,Products,371,Organic,1,Products,Checkout
678,Contact,189,Referral,1,Contact,Products
679,Contact,450,Direct,1,Checkout,Contact
680,Products,319,Organic,1,Home,Home
681,Home,162,Direct,0,Blog,Products
682,Products,167,Social,0,Home,Home
683,Products,280,Direct,0,Products,Contact
684,Contact,247,Organic,1,Home,Contact
685,Products,67,Organic,0,Contact,Products
686,Blog,475,Direct,0,Blog,Contact
687,Blog,276,Referral,1,Products,Contact
688,Checkout,215,Organic,0,Contact,Blog
689,Home,569,Direct,1,Home,Blog
690,Products,131,Direct,1,Contact,Products
691,Blog,336,Referral,1,Home,Contact
692,Home,484,Referral,0,Checkout,Blog
693,Blog,162,Organic,1,Blog,Contact
694,Blog,76,Organic,0,Products,Checkout
695,Contact,274,Social,0,Checkout,Contact
696,Blog,58,Referral,1,Checkout,Contact
697,Home,370,Social,1,Products,Checkout
698,Blog,24,Social,1,Checkout,Home
699,Products,94,Organic,0,Contact,Home
700,Checkout,439,Social,1,Checkout,Home
701,Products,136,Referral,0,Checkout,Contact
702,Checkout,526,Organic,1,Checkout,Home
703,Blog,225,Direct,1,Blog,Blog
704,Products,280,Social,1,Blog,Checkout
705,Blog,61,Referral,0,Home,Contact
706,Checkout,258,Referral,0,Home,Products
707,Blog,174,Referral,0,Products,Checkout
708,Checkout,405,Social,0,Contact,Home
709,Blog,349,Referral,1,Contact,Blog
710,Products,250,Referral,0,Contact,Checkout
711,Blog,67,Direct,0,Checkout,Contact
712,Blog,414,Direct,0,Home,Checkout
713,Blog,448,Referral,1,Contact,Products
714,Products,70,Social,1,Contact,Home
715,Products,499,Referral,1,Contact,Checkout
716,Contact,333,Organic,1,Contact,Home
717,Contact,159,Social,0,Products,Products
718,Products,245,Referral,0,Checkout,Blog
719,Contact,307,Social,0,Products,Home
720,Blog,594,Referral,1,Blog,Home
721,Home,185,Referral,1,Blog,Contact
722,Checkout,35,Direct,1,Products,Products
723,Home,321,Referral,1,Contact,Home
724,Checkout,416,Organic,0,Checkout,Checkout
725,Products,356,Organic,0,Checkout,Contact
726,Products,250,Social,1,Checkout,Contact
727,Checkout,145,Social,0,Products,Contact
728,Checkout,361,Referral,1,Checkout,Products
729,Contact,597,Organic,1,Contact,Contact
730,Products,191,Social,0,Home,Home
731,Products,478,Direct,1,Blog,Home
732,Home,45,Organic,1,Checkout,Products
733,Checkout,314,Organic,1,Checkout,Blog
734,Contact,291,Organic,1,Blog,Blog
735,Blog,394,Referral,0,Blog,Products
736,Blog,428,Direct,1,Checkout,Blog
737,Products,44,Direct,0,Home,Blog
738,Checkout,65,Referral,0,Products,Blog
739,Products,548,Direct,0,Home,Products
740,Home,369,Direct,0,Contact,Checkout
741,Contact,251,Organic,0,Blog,Checkout
742,Contact,318,Referral,0,Products,Blog
743,Blog,429,Direct,0,Blog,Contact
744,Checkout,175,Referral,1,Contact,Contact
745,Contact,72,Organic,1,Products,Home
746,Contact,395,Referral,0,Products,Checkout
747,Products,581,Organic,1,Contact,Checkout
748,Contact,395,Referral,1,Checkout,Products
749,Products,200,Referral,0,Home,Contact
750,Checkout,185,Referral,1,Home,Blog
751,Contact,305,Social,0,Products,Contact
752,Home,68,Direct,1,Blog,Blog
753,Blog,444,Referral,1,Contact,Blog
754,Checkout,361,Direct,1,Home,Checkout
755,Home,564,Direct,1,Home,Checkout
756,Products,566,Direct,1,Products,Checkout
757,Checkout,245,Social,1,Checkout,Home
758,Contact,576,Organic,0,Checkout,Contact
759,Blog,590,Direct,0,Contact,Contact
760,Contact,81,Direct,1,Checkout,Contact
761,Home,328,Direct,0,Checkout,Home
762,Blog,409,Social,1,Checkout,Checkout
763,Checkout,352,Organic,0,Products,Home
764,Contact,582,Referral,1,Blog,Products
765,Products,385,Direct,1,Products,Home
766,Checkout,39,Social,1,Blog,Checkout
767,Checkout,438,Social,0,Checkout,Products
768,Contact,362,Direct,1,Blog,Products
769,Checkout,141,Direct,0,Blog,Blog
770,Contact,430,Organic,1,Home,Home
771,Contact,341,Referral,0,Blog,Blog
772,Home,229,Social,1,Blog,Products
773,Products,187,Direct,0,Blog,Products
774,Blog,569,Direct,0,Blog,Blog
775,Checkout,597,Direct,1,Products,Products
776,Home,570,Organic,0,Home,Blog
777,Blog,448,Referral,1,Home,Blog
778,Blog,210,Direct,1,Checkout,Contact
779,Checkout,229,Referral,1,Blog,Blog
780,Checkout,73,Direct,1,Checkout,Products
781,Contact,506,Organic,0,Checkout,Products
782,Blog,206,Organic,0,Contact,Contact
783,Checkout,311,Organic,0,Home,Home
784,Blog,97,Organic,1,Contact,Blog
785,Home,597,Direct,1,Contact,Checkout
786,Blog,527,Organic,1,Contact,Blog
787,Products,325,Social,0,Blog,Blog
788,Contact,155,Referral,0,Checkout,Checkout
789,Home,299,Organic,0,Blog,Blog
790,Home,533,Direct,1,Products,Blog
791,Products,525,Organic,0,Contact,Checkout
792,Contact,341,Direct,1,Products,Blog
793,Products,390,Direct,0,Blog,Blog
794,Home,395,Organic,1,Home,Products
795,Contact,192,Direct,1,Products,Checkout
796,Home,341,Direct,1,Products,Products
797,Blog,422,Social,0,Blog,Contact
798,Blog,99,Direct,1,Contact,Contact
799,Blog,281,Social,0,Contact,Checkout
800,Contact,333,Organic,0,Checkout,Contact
801,Products,42,Referral,0,Checkout,Checkout
802,Products,356,Direct,0,Checkout,Checkout
803,Checkout,61,Direct,1,Blog,Checkout
804,Home,155,Social,1,Checkout,Home
805,Products,277,Organic,1,Checkout,Blog
806,Checkout,425,Organic,0,Contact,Checkout
807,Home,475,Social,1,Products,Home
808,Products,403,Organic,0,Contact,Blog
809,Checkout,84,Referral,1,Home,Home
810,Home,330,Direct,0,Products,Contact
811,Home,341,Referral,0,Products,Products
812,Contact,312,Organic,0,Checkout,Products
813,Blog,583,Social,1,Products,Home
814,Products,451,Social,1,Home,Checkout
815,Products,502,Social,1,Contact,Contact
816,Home,115,Social,1,Blog,Blog
817,Home,147,Direct,1,Products,Checkout
818,Checkout,65,Social,1,Blog,Checkout
819,Checkout,535,Referral,0,Home,Blog
820,Products,362,Social,0,Contact,Blog
821,Products,211,Referral,1,Checkout,Home
822,Contact,21,Referral,0,Checkout,Blog
823,Home,108,Direct,0,Checkout,Contact
824,Contact,397,Direct,0,Blog,Home
825,Contact,176,Direct,1,Products,Home
826,Home,358,Direct,1,Contact,Checkout
827,Contact,493,Organic,0,Checkout,Home
828,Checkout,460,Direct,1,Checkout,Checkout
829,Home,453,Social,1,Contact,Checkout
830,Home,61,Organic,0,Blog,Products
831,Contact,63,Social,0,Products,Contact
832,Blog,304,Referral,0,Contact,Contact
833,Products,446,Referral,1,Home,Blog
834,Blog,305,Social,0,Contact,Products
835,Contact,116,Organic,0,Contact,Contact
836,Products,81,Referral,1,Products,Contact
837,Products,61,Social,0,Contact,Checkout
838,Home,39,Organic,0,Blog,Products
839,Contact,473,Referral,1,Checkout,Products
840,Home,83,Referral,0,Home,Home
841,Blog,446,Organic,0,Home,Contact
842,Products,81,Direct,1,Home,Blog
843,Checkout,361,Social,1,Blog,Checkout
844,Contact,382,Organic,1,Blog,Products
845,Contact,560,Organic,1,Checkout,Blog
846,Home,123,Social,0,Products,Home
847,Products,201,Direct,1,Products,Checkout
848,Blog,235,Referral,1,Checkout,Blog
849,Home,180,Direct,0,Products,Contact
850,Contact,285,Social,0,Products,Home
851,Blog,291,Referral,0,Contact,Home
852,Products,323,Referral,0,Blog,Checkout
853,Checkout,283,Referral,0,Contact,Blog
854,Home,407,Organic,1,Home,Checkout
855,Products,319,Referral,0,Contact,Products
856,Contact,168,Social,1,Home,Checkout
857,Blog,42,Social,0,Contact,Blog
858,Products,109,Organic,0,Checkout,Blog
859,Home,280,Organic,0,Blog,Products
860,Blog,114,Referral,0,Contact,Home
861,Products,447,Social,1,Home,Blog
862,Products,460,Referral,0,Checkout,Home
863,Home,596,Referral,1,Home,Contact
864,Checkout,565,Organic,0,Blog,Blog
865,Blog,438,Organic,1,Checkout,Home
866,Home,468,Direct,1,Contact,Contact
867,Contact,329,Social,0,Checkout,Blog
868,Blog,505,Referral,1,Home,Products
869,Home,208,Social,0,Blog,Blog
870,Products,508,Direct,1,Home,Home
871,Products,371,Referral,0,Contact,Home
872,Home,498,Direct,0,Blog,Products
873,Checkout,214,Organic,1,Home,Products
874,Checkout,388,Social,0,Blog,Home
875,Contact,196,Direct,1,Products,Home
876,Contact,336,Direct,0,Products,Checkout
877,Blog,153,Social,0,Blog,Contact
878,Products,461,Organic,0,Contact,Checkout
879,Products,474,Social,0,Checkout,Home
880,Products,441,Direct,0,Blog,Checkout
881,Contact,121,Direct,0,Home,Contact
882,Blog,97,Referral,0,Checkout,Blog
883,Products,574,Social,1,Blog,Blog
884,Contact,461,Organic,1,Checkout,Blog
885,Home,584,Direct,1,Contact,Checkout
886,Home,383,Direct,0,Blog,Home
887,Contact,455,Organic,1,Blog,Contact
888,Contact,502,Direct,1,Blog,Products
889,Blog,320,Social,1,Products,Contact
890,Contact,46,Social,0,Products,Checkout
891,Products,240,Direct,1,Checkout,Contact
892,Home,92,Social,0,Home,Checkout
893,Checkout,308,Organic,1,Contact,Home
894,Home,452,Organic,0,Products,Home
895,Products,550,Social,0,Home,Contact
896,Checkout,232,Direct,0,Checkout,Checkout
897,Products,271,Social,0,Home,Home
898,Home,298,Social,0,Home,Home
899,Contact,461,Direct,1,Checkout,Contact
900,Home,207,Organic,0,Products,Contact
901,Blog,382,Organic,1,Blog,Checkout
902,Contact,479,Social,1,Contact,Home
903,Home,425,Referral,0,Home,Checkout
904,Home,110,Organic,1,Home,Checkout
905,Checkout,99,Organic,1,Blog,Checkout
906,Home,278,Direct,0,Products,Products
907,Contact,30,Referral,0,Checkout,Products
908,Contact,510,Social,1,Contact,Contact
909,Products,583,Direct,0,Contact,Home
910,Contact,282,Direct,0,Home,Checkout
911,Checkout,58,Referral,1,Home,Blog
912,Home,510,Referral,1,Home,Contact
913,Contact,574,Organic,1,Products,Home
914,Blog,224,Direct,0,Contact,Checkout
915,Home,130,Social,0,Blog,Home
916,Home,425,Referral,0,Contact,Blog
917,Home,31,Organic,0,Home,Checkout
918,Home,16,Referral,1,Blog,Products
919,Contact,252,Referral,1,Home,Contact
920,Blog,343,Social,0,Products,Contact
921,Products,63,Direct,1,Contact,Blog
922,Checkout,299,Referral,1,Products,Blog
923,Checkout,580,Social,1,Home,Contact
924,Home,576,Organic,1,Checkout,Blog
925,Blog,362,Social,1,Checkout,Checkout
926,Blog,576,Direct,0,Blog,Checkout
927,Checkout,94,Organic,0,Checkout,Products
928,Checkout,146,Social,0,Home,Home
929,Checkout,240,Organic,1,Checkout,Checkout
930,Checkout,479,Referral,1,Home,Blog
931,Home,330,Direct,0,Home,Blog
932,Blog,518,Social,0,Contact,Contact
933,Contact,237,Referral,0,Home,Contact
934,Blog,447,Referral,1,Contact,Checkout
935,Home,530,Direct,1,Home,Products
936,Checkout,462,Referral,0,Checkout,Blog
937,Home,162,Organic,1,Contact,Contact
938,Home,120,Organic,0,Contact,Checkout
939,Blog,429,Social,1,Checkout,Contact
940,Products,50,Referral,0,Blog,Blog
941,Blog,94,Social,0,Checkout,Home
942,Products,514,Organic,0,Blog,Home
943,Contact,448,Direct,1,Home,Checkout
944,Contact,462,Referral,1,Blog,Home
945,Checkout,421,Direct,1,Blog,Home
946,Products,269,Social,0,Blog,Products
947,Products,400,Referral,1,Home,Products
948,Products,546,Organic,0,Home,Blog
949,Contact,556,Organic,0,Checkout,Blog
950,Products,69,Social,0,Checkout,Blog
951,Blog,287,Organic,0,Home,Contact
952,Contact,575,Social,1,Products,Products
953,Home,18,Direct,1,Checkout,Home
954,Contact,63,Organic,1,Contact,Checkout
955,Products,81,Referral,1,Home,Products
956,Checkout,58,Referral,1,Checkout,Products
957,Checkout,19,Organic,1,Home,Blog
958,Home,404,Direct,0,Checkout,Blog
959,Checkout,250,Referral,0,Checkout,Home
960,Contact,111,Organic,1,Contact,Checkout
961,Checkout,454,Direct,1,Contact,Products
962,Checkout,80,Social,0,Blog,Contact
963,Blog,254,Organic,1,Checkout,Checkout
964,Home,234,Organic,0,Contact,Home
965,Checkout,264,Referral,1,Home,Products
966,Products,288,Referral,1,Checkout,Blog
967,Blog,148,Referral,0,Products,Products
968,Products,175,Organic,1,Checkout,Products
969,Checkout,398,Social,0,Contact,Home
970,Products,250,Organic,1,Blog,Blog
971,Products,392,Direct,0,Blog,Products
972,Products,67,Referral,1,Blog,Contact
973,Checkout,192,Social,0,Home,Blog
974,Home,477,Referral,1,Products,Home
975,Home,322,Social,1,Blog,Checkout
976,Checkout,309,Referral,1,Home,Blog
977,Checkout,513,Organic,0,Products,Home
978,Contact,101,Organic,1,Checkout,Blog
979,Contact,42,Referral,1,Checkout,Products
980,Products,485,Organic,1,Products,Checkout
981,Home,467,Direct,0,Checkout,Home
982,Blog,172,Social,0,Checkout,Checkout
983,Checkout,171,Referral,1,Home,Home
984,Home,113,Social,1,Checkout,Home
985,Checkout,396,Organic,1,Contact,Contact
986,Contact,153,Organic,0,Home,Blog
987,Checkout,488,Direct,1,Contact,Checkout
988,Products,236,Social,1,Contact,Products
989,Blog,258,Referral,0,Home,Blog
990,Products,74,Direct,1,Products,Products
991,Contact,470,Social,1,Blog,Contact
992,Home,90,Direct,0,Blog,Products
993,Contact,542,Referral,0,Checkout,Home
994,Blog,218,Organic,1,Products,Contact
995,Contact,252,Direct,0,Contact,Blog
996,Checkout,82,Organic,0,Home,Home
997,Home,183,Social,1,Contact,Contact
998,Checkout,332,Direct,0,Checkout,Checkout
999,Home,558,Direct,0,Blog,Blog
1000,Blog,271,Social,0,Checkout,Contact
